               epoch,      train/box_loss,      train/obj_loss,      train/cls_loss,   metrics/precision,      metrics/recall,     metrics/mAP_0.5,metrics/mAP_0.5:0.95,        val/box_loss,        val/obj_loss,        val/cls_loss,               x/lr0,               x/lr1,               x/lr2
                   0,            0.084295,            0.013367,            0.040354,           0.0010207,             0.68715,           0.0071011,           0.0024352,             0.05086,           0.0064569,            0.026573,            0.070167,           0.0033148,           0.0033148
                   1,            0.057548,           0.0076993,             0.02971,           0.0027207,             0.84438,             0.26986,             0.11484,            0.035596,           0.0048041,            0.018245,             0.03885,           0.0053318,           0.0053318
                   2,            0.051076,           0.0067101,            0.022285,           0.0041197,             0.82134,              0.2193,            0.099333,            0.037959,           0.0047823,            0.018415,            0.006214,           0.0060288,           0.0060288
                   3,            0.048452,           0.0062128,            0.018059,           0.0062083,             0.96667,             0.63956,             0.38396,            0.026916,            0.003987,           0.0087489,             0.00406,             0.00406,             0.00406
                   4,            0.045749,           0.0060127,            0.012533,             0.85377,             0.20514,             0.60009,             0.31321,            0.036608,           0.0035954,           0.0086938,             0.00406,             0.00406,             0.00406
